{"cameraMode":{"drawMode":0,"name":"Shaded","section":"Shading Mode"},"sceneLighting":true,"audioPlay":false,"sceneViewState":{"m_AlwaysRefresh":false,"showFog":true,"showSkybox":true,"showFlares":true,"showImageEffects":true,"showParticleSystems":true,"showVisualEffectGraphs":true,"m_FxEnabled":true},"in2DMode":false,"pivot":{"x":-0.07237270474433899,"y":5.480406761169434,"z":-2.310422897338867},"rotation":{"x":-0.07492242008447647,"y":-0.005682540126144886,"z":0.00016072861035354435,"w":-0.9970818161964417},"size":10.445283889770508,"orthographic":false}